PRAGMA foreign_keys=OFF;
BEGIN TRANSACTION;
CREATE TABLE IF NOT EXISTS "django_migrations" ("id" integer NOT NULL PRIMARY KEY AUTOINCREMENT, "app" varchar(255) NOT NULL, "name" varchar(255) NOT NULL, "applied" datetime NOT NULL);
INSERT INTO django_migrations VALUES(1,'contenttypes','0001_initial','2024-08-13 09:11:38.259272');
INSERT INTO django_migrations VALUES(2,'auth','0001_initial','2024-08-13 09:11:38.294177');
INSERT INTO django_migrations VALUES(3,'account','0001_initial','2024-08-13 09:11:38.327217');
INSERT INTO django_migrations VALUES(4,'account','0002_email_max_length','2024-08-13 09:11:38.344049');
INSERT INTO django_migrations VALUES(5,'account','0003_alter_emailaddress_create_unique_verified_email','2024-08-13 09:11:38.367887');
INSERT INTO django_migrations VALUES(6,'account','0004_alter_emailaddress_drop_unique_email','2024-08-13 09:11:38.394057');
INSERT INTO django_migrations VALUES(7,'account','0005_emailaddress_idx_upper_email','2024-08-13 09:11:38.410690');
INSERT INTO django_migrations VALUES(8,'account','0006_emailaddress_lower','2024-08-13 09:11:38.426531');
INSERT INTO django_migrations VALUES(9,'account','0007_emailaddress_idx_email','2024-08-13 09:11:38.451111');
INSERT INTO django_migrations VALUES(10,'account','0008_emailaddress_unique_primary_email_fixup','2024-08-13 09:11:38.471795');
INSERT INTO django_migrations VALUES(11,'account','0009_emailaddress_unique_primary_email','2024-08-13 09:11:38.491224');
INSERT INTO django_migrations VALUES(12,'admin','0001_initial','2024-08-13 09:11:38.517903');
INSERT INTO django_migrations VALUES(13,'admin','0002_logentry_remove_auto_add','2024-08-13 09:11:38.540460');
INSERT INTO django_migrations VALUES(14,'admin','0003_logentry_add_action_flag_choices','2024-08-13 09:11:38.555317');
INSERT INTO django_migrations VALUES(15,'contenttypes','0002_remove_content_type_name','2024-08-13 09:11:38.583374');
INSERT INTO django_migrations VALUES(16,'auth','0002_alter_permission_name_max_length','2024-08-13 09:11:38.602446');
INSERT INTO django_migrations VALUES(17,'auth','0003_alter_user_email_max_length','2024-08-13 09:11:38.622636');
INSERT INTO django_migrations VALUES(18,'auth','0004_alter_user_username_opts','2024-08-13 09:11:38.641127');
INSERT INTO django_migrations VALUES(19,'auth','0005_alter_user_last_login_null','2024-08-13 09:11:38.655771');
INSERT INTO django_migrations VALUES(20,'auth','0006_require_contenttypes_0002','2024-08-13 09:11:38.660489');
INSERT INTO django_migrations VALUES(21,'auth','0007_alter_validators_add_error_messages','2024-08-13 09:11:38.681449');
INSERT INTO django_migrations VALUES(22,'auth','0008_alter_user_username_max_length','2024-08-13 09:11:38.693813');
INSERT INTO django_migrations VALUES(23,'auth','0009_alter_user_last_name_max_length','2024-08-13 09:11:38.717823');
INSERT INTO django_migrations VALUES(24,'auth','0010_alter_group_name_max_length','2024-08-13 09:11:38.738161');
INSERT INTO django_migrations VALUES(25,'auth','0011_update_proxy_permissions','2024-08-13 09:11:38.751636');
INSERT INTO django_migrations VALUES(26,'auth','0012_alter_user_first_name_max_length','2024-08-13 09:11:38.771833');
INSERT INTO django_migrations VALUES(27,'authtoken','0001_initial','2024-08-13 09:11:38.790548');
INSERT INTO django_migrations VALUES(28,'authtoken','0002_auto_20160226_1747','2024-08-13 09:11:38.831580');
INSERT INTO django_migrations VALUES(29,'authtoken','0003_tokenproxy','2024-08-13 09:11:38.841699');
INSERT INTO django_migrations VALUES(30,'authtoken','0004_alter_tokenproxy_options','2024-08-13 09:11:38.855744');
INSERT INTO django_migrations VALUES(31,'properties','0001_initial','2024-08-13 09:11:38.899407');
INSERT INTO django_migrations VALUES(32,'sessions','0001_initial','2024-08-13 09:11:38.915414');
INSERT INTO django_migrations VALUES(33,'sites','0001_initial','2024-08-13 09:11:38.927027');
INSERT INTO django_migrations VALUES(34,'sites','0002_alter_domain_unique','2024-08-13 09:11:38.951024');
INSERT INTO django_migrations VALUES(35,'socialaccount','0001_initial','2024-08-13 09:11:39.041248');
INSERT INTO django_migrations VALUES(36,'socialaccount','0002_token_max_lengths','2024-08-13 09:11:39.077000');
INSERT INTO django_migrations VALUES(37,'socialaccount','0003_extra_data_default_dict','2024-08-13 09:11:39.094465');
INSERT INTO django_migrations VALUES(38,'socialaccount','0004_app_provider_id_settings','2024-08-13 09:11:39.128523');
INSERT INTO django_migrations VALUES(39,'socialaccount','0005_socialtoken_nullable_app','2024-08-13 09:11:39.151747');
INSERT INTO django_migrations VALUES(40,'socialaccount','0006_alter_socialaccount_extra_data','2024-08-13 09:11:39.178579');
INSERT INTO django_migrations VALUES(41,'properties','0002_property_image','2024-08-13 22:01:18.161330');
INSERT INTO django_migrations VALUES(42,'properties','0003_rename_image_property_image','2024-08-14 14:55:00.738334');
INSERT INTO django_migrations VALUES(43,'properties','0004_alter_zone_city','2024-08-14 15:53:31.492325');
INSERT INTO django_migrations VALUES(44,'properties','0005_property_user','2024-08-15 22:35:21.361015');
CREATE TABLE IF NOT EXISTS "auth_group_permissions" ("id" integer NOT NULL PRIMARY KEY AUTOINCREMENT, "group_id" integer NOT NULL REFERENCES "auth_group" ("id") DEFERRABLE INITIALLY DEFERRED, "permission_id" integer NOT NULL REFERENCES "auth_permission" ("id") DEFERRABLE INITIALLY DEFERRED);
INSERT INTO auth_group_permissions VALUES(1,1,1);
INSERT INTO auth_group_permissions VALUES(2,1,2);
INSERT INTO auth_group_permissions VALUES(3,1,3);
INSERT INTO auth_group_permissions VALUES(4,1,4);
INSERT INTO auth_group_permissions VALUES(5,1,5);
INSERT INTO auth_group_permissions VALUES(6,1,6);
INSERT INTO auth_group_permissions VALUES(7,1,7);
INSERT INTO auth_group_permissions VALUES(8,1,8);
INSERT INTO auth_group_permissions VALUES(9,1,9);
INSERT INTO auth_group_permissions VALUES(10,1,10);
INSERT INTO auth_group_permissions VALUES(11,1,11);
INSERT INTO auth_group_permissions VALUES(12,1,12);
INSERT INTO auth_group_permissions VALUES(13,1,13);
INSERT INTO auth_group_permissions VALUES(14,1,14);
INSERT INTO auth_group_permissions VALUES(15,1,15);
INSERT INTO auth_group_permissions VALUES(16,1,16);
INSERT INTO auth_group_permissions VALUES(17,1,17);
INSERT INTO auth_group_permissions VALUES(18,1,18);
INSERT INTO auth_group_permissions VALUES(19,1,19);
INSERT INTO auth_group_permissions VALUES(20,1,20);
INSERT INTO auth_group_permissions VALUES(21,1,21);
INSERT INTO auth_group_permissions VALUES(22,1,22);
INSERT INTO auth_group_permissions VALUES(23,1,23);
INSERT INTO auth_group_permissions VALUES(24,1,24);
INSERT INTO auth_group_permissions VALUES(25,1,25);
INSERT INTO auth_group_permissions VALUES(26,1,26);
INSERT INTO auth_group_permissions VALUES(27,1,27);
INSERT INTO auth_group_permissions VALUES(28,1,28);
INSERT INTO auth_group_permissions VALUES(29,1,29);
INSERT INTO auth_group_permissions VALUES(30,1,30);
INSERT INTO auth_group_permissions VALUES(31,1,31);
INSERT INTO auth_group_permissions VALUES(32,1,32);
INSERT INTO auth_group_permissions VALUES(33,1,33);
INSERT INTO auth_group_permissions VALUES(34,1,34);
INSERT INTO auth_group_permissions VALUES(35,1,35);
INSERT INTO auth_group_permissions VALUES(36,1,36);
INSERT INTO auth_group_permissions VALUES(37,1,37);
INSERT INTO auth_group_permissions VALUES(38,1,38);
INSERT INTO auth_group_permissions VALUES(39,1,39);
INSERT INTO auth_group_permissions VALUES(40,1,40);
INSERT INTO auth_group_permissions VALUES(41,1,41);
INSERT INTO auth_group_permissions VALUES(42,1,42);
INSERT INTO auth_group_permissions VALUES(43,1,43);
INSERT INTO auth_group_permissions VALUES(44,1,44);
INSERT INTO auth_group_permissions VALUES(45,1,45);
INSERT INTO auth_group_permissions VALUES(46,1,46);
INSERT INTO auth_group_permissions VALUES(47,1,47);
INSERT INTO auth_group_permissions VALUES(48,1,48);
INSERT INTO auth_group_permissions VALUES(49,1,49);
INSERT INTO auth_group_permissions VALUES(50,1,50);
INSERT INTO auth_group_permissions VALUES(51,1,51);
INSERT INTO auth_group_permissions VALUES(52,1,52);
INSERT INTO auth_group_permissions VALUES(53,1,53);
INSERT INTO auth_group_permissions VALUES(54,1,54);
INSERT INTO auth_group_permissions VALUES(55,1,55);
INSERT INTO auth_group_permissions VALUES(56,1,56);
INSERT INTO auth_group_permissions VALUES(57,1,57);
INSERT INTO auth_group_permissions VALUES(58,1,58);
INSERT INTO auth_group_permissions VALUES(59,1,59);
INSERT INTO auth_group_permissions VALUES(60,1,60);
INSERT INTO auth_group_permissions VALUES(61,1,61);
INSERT INTO auth_group_permissions VALUES(62,1,62);
INSERT INTO auth_group_permissions VALUES(63,1,63);
INSERT INTO auth_group_permissions VALUES(64,1,64);
INSERT INTO auth_group_permissions VALUES(65,1,65);
INSERT INTO auth_group_permissions VALUES(66,1,66);
INSERT INTO auth_group_permissions VALUES(67,1,67);
INSERT INTO auth_group_permissions VALUES(68,1,68);
INSERT INTO auth_group_permissions VALUES(69,1,69);
INSERT INTO auth_group_permissions VALUES(70,1,70);
INSERT INTO auth_group_permissions VALUES(71,1,71);
INSERT INTO auth_group_permissions VALUES(72,1,72);
CREATE TABLE IF NOT EXISTS "auth_user_groups" ("id" integer NOT NULL PRIMARY KEY AUTOINCREMENT, "user_id" integer NOT NULL REFERENCES "auth_user" ("id") DEFERRABLE INITIALLY DEFERRED, "group_id" integer NOT NULL REFERENCES "auth_group" ("id") DEFERRABLE INITIALLY DEFERRED);
INSERT INTO auth_user_groups VALUES(1,1,1);
CREATE TABLE IF NOT EXISTS "auth_user_user_permissions" ("id" integer NOT NULL PRIMARY KEY AUTOINCREMENT, "user_id" integer NOT NULL REFERENCES "auth_user" ("id") DEFERRABLE INITIALLY DEFERRED, "permission_id" integer NOT NULL REFERENCES "auth_permission" ("id") DEFERRABLE INITIALLY DEFERRED);
CREATE TABLE IF NOT EXISTS "account_emailconfirmation" ("id" integer NOT NULL PRIMARY KEY AUTOINCREMENT, "created" datetime NOT NULL, "sent" datetime NULL, "key" varchar(64) NOT NULL UNIQUE, "email_address_id" integer NOT NULL REFERENCES "account_emailaddress" ("id") DEFERRABLE INITIALLY DEFERRED);
CREATE TABLE IF NOT EXISTS "account_emailaddress" ("id" integer NOT NULL PRIMARY KEY AUTOINCREMENT, "verified" bool NOT NULL, "primary" bool NOT NULL, "user_id" integer NOT NULL REFERENCES "auth_user" ("id") DEFERRABLE INITIALLY DEFERRED, "email" varchar(254) NOT NULL);
INSERT INTO account_emailaddress VALUES(14,1,1,20,'ismalsacko@gmail.com');
INSERT INTO account_emailaddress VALUES(17,0,1,23,'ismaila2@gmail.com');
INSERT INTO account_emailaddress VALUES(18,0,1,24,'bintou@gmail.com');
CREATE TABLE IF NOT EXISTS "django_admin_log" ("id" integer NOT NULL PRIMARY KEY AUTOINCREMENT, "object_id" text NULL, "object_repr" varchar(200) NOT NULL, "action_flag" smallint unsigned NOT NULL CHECK ("action_flag" >= 0), "change_message" text NOT NULL, "content_type_id" integer NULL REFERENCES "django_content_type" ("id") DEFERRABLE INITIALLY DEFERRED, "user_id" integer NOT NULL REFERENCES "auth_user" ("id") DEFERRABLE INITIALLY DEFERRED, "action_time" datetime NOT NULL);
INSERT INTO django_admin_log VALUES(1,'2','lasadmin',3,'',4,1,'2024-08-13 09:27:51.209748');
INSERT INTO django_admin_log VALUES(2,'3','lasadmin2',3,'',4,1,'2024-08-13 09:27:51.209748');
INSERT INTO django_admin_log VALUES(3,'4','lasadmin22',3,'',4,1,'2024-08-13 09:27:51.209748');
INSERT INTO django_admin_log VALUES(4,'5','lasadmin222',3,'',4,1,'2024-08-13 09:27:51.209748');
INSERT INTO django_admin_log VALUES(5,'6','lasadmin',3,'',4,1,'2024-08-13 09:29:17.838177');
INSERT INTO django_admin_log VALUES(6,'8','ismaelsacko',3,'',4,1,'2024-08-13 09:31:42.244519');
INSERT INTO django_admin_log VALUES(7,'7','lasadminsacko',3,'',4,1,'2024-08-13 09:33:10.635035');
INSERT INTO django_admin_log VALUES(8,'9','lasadminsackoo',3,'',4,1,'2024-08-13 09:33:10.635035');
INSERT INTO django_admin_log VALUES(9,'10','ismaeldev',3,'',4,1,'2024-08-13 12:21:45.759848');
INSERT INTO django_admin_log VALUES(10,'13','ismaelsss',3,'',4,1,'2024-08-13 12:21:45.759848');
INSERT INTO django_admin_log VALUES(11,'11','ismalsacko@gmail.com',3,'',4,1,'2024-08-13 12:21:45.759848');
INSERT INTO django_admin_log VALUES(12,'12','obama',3,'',4,1,'2024-08-13 12:21:45.759848');
INSERT INTO django_admin_log VALUES(13,'14','lasadmin',3,'',4,1,'2024-08-13 12:25:11.305209');
INSERT INTO django_admin_log VALUES(14,'15','',3,'',4,1,'2024-08-13 12:40:56.364614');
INSERT INTO django_admin_log VALUES(15,'16','ismaila',3,'',4,1,'2024-08-13 12:42:12.043523');
INSERT INTO django_admin_log VALUES(16,'17','',3,'',4,1,'2024-08-13 12:44:33.641125');
INSERT INTO django_admin_log VALUES(17,'18','ismaila',3,'',4,1,'2024-08-13 12:44:33.641125');
INSERT INTO django_admin_log VALUES(18,'1','manangers',1,'[{"added": {}}]',3,1,'2024-08-13 13:48:02.796814');
INSERT INTO django_admin_log VALUES(19,'1','ismael',2,'[{"changed": {"fields": ["Groups"]}}]',4,1,'2024-08-13 13:48:20.545888');
INSERT INTO django_admin_log VALUES(20,'1','managers',2,'[{"changed": {"fields": ["Name"]}}]',3,1,'2024-08-13 14:59:16.962656');
INSERT INTO django_admin_log VALUES(21,'19','ismaila',3,'',4,1,'2024-08-13 17:48:39.992992');
INSERT INTO django_admin_log VALUES(22,'20','ismaila',2,'[{"changed": {"fields": ["Staff status", "Superuser status"]}}]',4,1,'2024-08-13 17:54:50.492456');
INSERT INTO django_admin_log VALUES(23,'21','ismaila2',3,'',4,1,'2024-08-14 21:49:04.815812');
INSERT INTO django_admin_log VALUES(24,'22','ismaila2',3,'',4,1,'2024-08-14 22:00:39.396955');
INSERT INTO django_admin_log VALUES(25,'1','ismael',2,'[{"changed": {"fields": ["Email address"]}}]',4,1,'2024-08-15 20:32:42.753320');
INSERT INTO django_admin_log VALUES(26,'3','Un studio à Babalibougou',2,'[{"changed": {"fields": ["User", "Available"]}}]',9,1,'2024-08-17 01:30:00.845200');
CREATE TABLE IF NOT EXISTS "django_content_type" ("id" integer NOT NULL PRIMARY KEY AUTOINCREMENT, "app_label" varchar(100) NOT NULL, "model" varchar(100) NOT NULL);
INSERT INTO django_content_type VALUES(1,'admin','logentry');
INSERT INTO django_content_type VALUES(2,'auth','permission');
INSERT INTO django_content_type VALUES(3,'auth','group');
INSERT INTO django_content_type VALUES(4,'auth','user');
INSERT INTO django_content_type VALUES(5,'contenttypes','contenttype');
INSERT INTO django_content_type VALUES(6,'sessions','session');
INSERT INTO django_content_type VALUES(7,'sites','site');
INSERT INTO django_content_type VALUES(8,'properties','city');
INSERT INTO django_content_type VALUES(9,'properties','property');
INSERT INTO django_content_type VALUES(10,'properties','reservation');
INSERT INTO django_content_type VALUES(11,'properties','zone');
INSERT INTO django_content_type VALUES(12,'authtoken','token');
INSERT INTO django_content_type VALUES(13,'authtoken','tokenproxy');
INSERT INTO django_content_type VALUES(14,'account','emailaddress');
INSERT INTO django_content_type VALUES(15,'account','emailconfirmation');
INSERT INTO django_content_type VALUES(16,'socialaccount','socialaccount');
INSERT INTO django_content_type VALUES(17,'socialaccount','socialapp');
INSERT INTO django_content_type VALUES(18,'socialaccount','socialtoken');
CREATE TABLE IF NOT EXISTS "auth_permission" ("id" integer NOT NULL PRIMARY KEY AUTOINCREMENT, "content_type_id" integer NOT NULL REFERENCES "django_content_type" ("id") DEFERRABLE INITIALLY DEFERRED, "codename" varchar(100) NOT NULL, "name" varchar(255) NOT NULL);
INSERT INTO auth_permission VALUES(1,1,'add_logentry','Can add log entry');
INSERT INTO auth_permission VALUES(2,1,'change_logentry','Can change log entry');
INSERT INTO auth_permission VALUES(3,1,'delete_logentry','Can delete log entry');
INSERT INTO auth_permission VALUES(4,1,'view_logentry','Can view log entry');
INSERT INTO auth_permission VALUES(5,2,'add_permission','Can add permission');
INSERT INTO auth_permission VALUES(6,2,'change_permission','Can change permission');
INSERT INTO auth_permission VALUES(7,2,'delete_permission','Can delete permission');
INSERT INTO auth_permission VALUES(8,2,'view_permission','Can view permission');
INSERT INTO auth_permission VALUES(9,3,'add_group','Can add group');
INSERT INTO auth_permission VALUES(10,3,'change_group','Can change group');
INSERT INTO auth_permission VALUES(11,3,'delete_group','Can delete group');
INSERT INTO auth_permission VALUES(12,3,'view_group','Can view group');
INSERT INTO auth_permission VALUES(13,4,'add_user','Can add user');
INSERT INTO auth_permission VALUES(14,4,'change_user','Can change user');
INSERT INTO auth_permission VALUES(15,4,'delete_user','Can delete user');
INSERT INTO auth_permission VALUES(16,4,'view_user','Can view user');
INSERT INTO auth_permission VALUES(17,5,'add_contenttype','Can add content type');
INSERT INTO auth_permission VALUES(18,5,'change_contenttype','Can change content type');
INSERT INTO auth_permission VALUES(19,5,'delete_contenttype','Can delete content type');
INSERT INTO auth_permission VALUES(20,5,'view_contenttype','Can view content type');
INSERT INTO auth_permission VALUES(21,6,'add_session','Can add session');
INSERT INTO auth_permission VALUES(22,6,'change_session','Can change session');
INSERT INTO auth_permission VALUES(23,6,'delete_session','Can delete session');
INSERT INTO auth_permission VALUES(24,6,'view_session','Can view session');
INSERT INTO auth_permission VALUES(25,7,'add_site','Can add site');
INSERT INTO auth_permission VALUES(26,7,'change_site','Can change site');
INSERT INTO auth_permission VALUES(27,7,'delete_site','Can delete site');
INSERT INTO auth_permission VALUES(28,7,'view_site','Can view site');
INSERT INTO auth_permission VALUES(29,8,'add_city','Can add city');
INSERT INTO auth_permission VALUES(30,8,'change_city','Can change city');
INSERT INTO auth_permission VALUES(31,8,'delete_city','Can delete city');
INSERT INTO auth_permission VALUES(32,8,'view_city','Can view city');
INSERT INTO auth_permission VALUES(33,9,'add_property','Can add property');
INSERT INTO auth_permission VALUES(34,9,'change_property','Can change property');
INSERT INTO auth_permission VALUES(35,9,'delete_property','Can delete property');
INSERT INTO auth_permission VALUES(36,9,'view_property','Can view property');
INSERT INTO auth_permission VALUES(37,10,'add_reservation','Can add reservation');
INSERT INTO auth_permission VALUES(38,10,'change_reservation','Can change reservation');
INSERT INTO auth_permission VALUES(39,10,'delete_reservation','Can delete reservation');
INSERT INTO auth_permission VALUES(40,10,'view_reservation','Can view reservation');
INSERT INTO auth_permission VALUES(41,11,'add_zone','Can add zone');
INSERT INTO auth_permission VALUES(42,11,'change_zone','Can change zone');
INSERT INTO auth_permission VALUES(43,11,'delete_zone','Can delete zone');
INSERT INTO auth_permission VALUES(44,11,'view_zone','Can view zone');
INSERT INTO auth_permission VALUES(45,12,'add_token','Can add Token');
INSERT INTO auth_permission VALUES(46,12,'change_token','Can change Token');
INSERT INTO auth_permission VALUES(47,12,'delete_token','Can delete Token');
INSERT INTO auth_permission VALUES(48,12,'view_token','Can view Token');
INSERT INTO auth_permission VALUES(49,13,'add_tokenproxy','Can add Token');
INSERT INTO auth_permission VALUES(50,13,'change_tokenproxy','Can change Token');
INSERT INTO auth_permission VALUES(51,13,'delete_tokenproxy','Can delete Token');
INSERT INTO auth_permission VALUES(52,13,'view_tokenproxy','Can view Token');
INSERT INTO auth_permission VALUES(53,14,'add_emailaddress','Can add email address');
INSERT INTO auth_permission VALUES(54,14,'change_emailaddress','Can change email address');
INSERT INTO auth_permission VALUES(55,14,'delete_emailaddress','Can delete email address');
INSERT INTO auth_permission VALUES(56,14,'view_emailaddress','Can view email address');
INSERT INTO auth_permission VALUES(57,15,'add_emailconfirmation','Can add email confirmation');
INSERT INTO auth_permission VALUES(58,15,'change_emailconfirmation','Can change email confirmation');
INSERT INTO auth_permission VALUES(59,15,'delete_emailconfirmation','Can delete email confirmation');
INSERT INTO auth_permission VALUES(60,15,'view_emailconfirmation','Can view email confirmation');
INSERT INTO auth_permission VALUES(61,16,'add_socialaccount','Can add social account');
INSERT INTO auth_permission VALUES(62,16,'change_socialaccount','Can change social account');
INSERT INTO auth_permission VALUES(63,16,'delete_socialaccount','Can delete social account');
INSERT INTO auth_permission VALUES(64,16,'view_socialaccount','Can view social account');
INSERT INTO auth_permission VALUES(65,17,'add_socialapp','Can add social application');
INSERT INTO auth_permission VALUES(66,17,'change_socialapp','Can change social application');
INSERT INTO auth_permission VALUES(67,17,'delete_socialapp','Can delete social application');
INSERT INTO auth_permission VALUES(68,17,'view_socialapp','Can view social application');
INSERT INTO auth_permission VALUES(69,18,'add_socialtoken','Can add social application token');
INSERT INTO auth_permission VALUES(70,18,'change_socialtoken','Can change social application token');
INSERT INTO auth_permission VALUES(71,18,'delete_socialtoken','Can delete social application token');
INSERT INTO auth_permission VALUES(72,18,'view_socialtoken','Can view social application token');
CREATE TABLE IF NOT EXISTS "auth_group" ("id" integer NOT NULL PRIMARY KEY AUTOINCREMENT, "name" varchar(150) NOT NULL UNIQUE);
INSERT INTO auth_group VALUES(1,'managers');
CREATE TABLE IF NOT EXISTS "auth_user" ("id" integer NOT NULL PRIMARY KEY AUTOINCREMENT, "password" varchar(128) NOT NULL, "last_login" datetime NULL, "is_superuser" bool NOT NULL, "username" varchar(150) NOT NULL UNIQUE, "last_name" varchar(150) NOT NULL, "email" varchar(254) NOT NULL, "is_staff" bool NOT NULL, "is_active" bool NOT NULL, "date_joined" datetime NOT NULL, "first_name" varchar(150) NOT NULL);
INSERT INTO auth_user VALUES(1,'pbkdf2_sha256$870000$zxQ2VRNKTURrq9S9vWPzEN$59pJfb/V152SH22djJNALw9Bt05MI7mylf8degfcmUs=','2024-08-18 21:43:26.944184',1,'ismael','SACKO','ismael@gmail.com',1,1,'2024-08-13 09:12:55','Ismaila');
INSERT INTO auth_user VALUES(20,'pbkdf2_sha256$870000$iUZAihNXgGSrJw1sVdY6fL$/6BTQ69ZOlb6lhTKbRTIWKC66xyeJn/ffF2EbVvW19Q=','2024-08-15 00:02:22.761578',1,'ismaila','SACKO','ismalsacko@gmail.com',1,1,'2024-08-13 17:52:05','Ismael');
INSERT INTO auth_user VALUES(23,'pbkdf2_sha256$870000$7mHuMPLoYXNhF9i6WWbfyO$57Y374rbjQcq++5ZcYULfef1o2YDN6n3uljYteQH9pk=','2024-08-14 22:12:32.823791',0,'ismaila2','','ismaila2@gmail.com',0,1,'2024-08-14 22:12:31.321613','');
INSERT INTO auth_user VALUES(24,'pbkdf2_sha256$870000$DKvk8A2EDtKqWRpyuEHlHN$tHRDZWsQGErURirtMPP1o86/wyzAYTFJQ5MIUpDJGTM=','2024-08-18 01:21:37.375000',0,'bintou','Diaby','bintou@gmail.com',0,1,'2024-08-14 22:29:27.850230','Bintou');
CREATE TABLE IF NOT EXISTS "authtoken_token" ("key" varchar(40) NOT NULL PRIMARY KEY, "created" datetime NOT NULL, "user_id" integer NOT NULL UNIQUE REFERENCES "auth_user" ("id") DEFERRABLE INITIALLY DEFERRED);
INSERT INTO authtoken_token VALUES('0ff62e0a9786b599eaf15d8e8225bf86529bb9dd','2024-08-13 09:12:55.929505',1);
INSERT INTO authtoken_token VALUES('1f2d48fb81a04d86f5d34a7508278b981e54b2d8','2024-08-13 17:52:06.312315',20);
INSERT INTO authtoken_token VALUES('6517c285426bf66858f2934e3d2267185ab83f39','2024-08-14 22:12:31.760709',23);
INSERT INTO authtoken_token VALUES('0f88272395efd3b0216ddd1da41d479ed11a46dc','2024-08-14 22:29:28.196911',24);
CREATE TABLE IF NOT EXISTS "properties_city" ("id" integer NOT NULL PRIMARY KEY AUTOINCREMENT, "name" varchar(100) NOT NULL);
INSERT INTO properties_city VALUES(1,'Badjangara');
INSERT INTO properties_city VALUES(3,'Bamako');
INSERT INTO properties_city VALUES(4,'Kayes');
INSERT INTO properties_city VALUES(5,'Koulikoro');
INSERT INTO properties_city VALUES(6,'Sikasso');
INSERT INTO properties_city VALUES(7,'Ségou');
INSERT INTO properties_city VALUES(8,'Mopti');
INSERT INTO properties_city VALUES(9,'Gao');
INSERT INTO properties_city VALUES(10,'Tombouctou');
INSERT INTO properties_city VALUES(11,'Kidal');
INSERT INTO properties_city VALUES(12,'Kidal');
INSERT INTO properties_city VALUES(13,'Sévaré');
CREATE TABLE IF NOT EXISTS "properties_reservation" ("id" integer NOT NULL PRIMARY KEY AUTOINCREMENT, "date_reserved" datetime NOT NULL, "check_in" date NOT NULL, "check_out" date NOT NULL, "property_id" bigint NOT NULL REFERENCES "properties_property" ("id") DEFERRABLE INITIALLY DEFERRED, "user_id" integer NOT NULL REFERENCES "auth_user" ("id") DEFERRABLE INITIALLY DEFERRED);
CREATE TABLE IF NOT EXISTS "properties_zone" ("id" integer NOT NULL PRIMARY KEY AUTOINCREMENT, "name" varchar(100) NOT NULL, "city_id" bigint NOT NULL REFERENCES "properties_city" ("id") DEFERRABLE INITIALLY DEFERRED);
INSERT INTO properties_zone VALUES(1,'Kalaban-coura',1);
INSERT INTO properties_zone VALUES(2,'Kalaban-Coura ACI',1);
INSERT INTO properties_zone VALUES(3,'Niamakoro',3);
INSERT INTO properties_zone VALUES(4,'Hamdalaye ACI',3);
INSERT INTO properties_zone VALUES(5,'Kalaban-coro',3);
INSERT INTO properties_zone VALUES(6,'Badalabougou-sema',3);
INSERT INTO properties_zone VALUES(7,'Sabalibougou',3);
INSERT INTO properties_zone VALUES(8,'Niamakoro',3);
INSERT INTO properties_zone VALUES(9,'Yiramadjo',3);
INSERT INTO properties_zone VALUES(10,'Banankabougou',3);
INSERT INTO properties_zone VALUES(11,'Boulkassoumbougou',3);
INSERT INTO properties_zone VALUES(12,'Baco-Djokoroni ACI',3);
INSERT INTO properties_zone VALUES(13,'Baco-Djokoroni Golf',3);
CREATE TABLE IF NOT EXISTS "properties_property" ("id" integer NOT NULL PRIMARY KEY AUTOINCREMENT, "title" varchar(200) NOT NULL, "description" text NOT NULL, "price" decimal NOT NULL, "available" bool NOT NULL, "zone_id" bigint NOT NULL REFERENCES "properties_zone" ("id") DEFERRABLE INITIALLY DEFERRED, "image" varchar(100) NULL, "user_id" integer NULL REFERENCES "auth_user" ("id") DEFERRABLE INITIALLY DEFERRED);
INSERT INTO properties_property VALUES(3,'Un studio à Badalabougou SEMA','Un studio à Badalabougou près de la colline du savoir',90,1,6,'properties/IMG_20240716_092858_208_BNNEkD3.webp',1);
INSERT INTO properties_property VALUES(8,'Un studio à Babalibougou','Un studio à Babalibougou  (Douche intérieure, magasin',190.560000000000002,1,6,'properties/73e3d26b-274e-48b4-876e-26f07afe5e26_CFvlwIu.webp',NULL);
INSERT INTO properties_property VALUES(9,'title": "Un studio à Hamdallaye ACI','description": "Un studio à Hamdallaye ACI (Douche intérieure, magasin)',600000,1,4,'properties/245325850_Nrr57po.jpg',NULL);
INSERT INTO properties_property VALUES(10,'Un studio à Babalibougou','Un studio à Babalibougou  (Douche intérieure, magasin)',300000,1,6,'properties/IMG_20240613_123457_456_hMBNiPv.webp',NULL);
INSERT INTO properties_property VALUES(11,'2 studios à Baco-djicoroni Golf','2 studios à Baco-djicoroni Golf non loin du Lycée Massa Makan Diabaté',190.560000000000002,1,13,'properties/IMG_20240305_100412_820_ZzYCZ2K.webp',NULL);
INSERT INTO properties_property VALUES(12,'3 Chambres et salon à Baco-djicoroni ACI','3 Chambres et salon à Baco-djicoroni ACI non loin du Lycée Massa Makan Diabaté',250,1,12,'properties/IMG_20240613_123457_456_yKaJ1sa.webp',NULL);
INSERT INTO properties_property VALUES(13,'3 Chambres et salon à Baco-djicoroni ACI','3 Chambres et salon à Baco-djicoroni ACI non loin du Lycée Massa Makan Diabaté',250,1,12,'properties/73e3d26b-274e-48b4-876e-26f07afe5e26_Oy2xjoQ.webp',NULL);
INSERT INTO properties_property VALUES(14,'3 Chambres et salon à Baco-djicoroni ACI','3 Chambres et salon à Baco-djicoroni ACI non loin du Lycée Massa Makan Diabaté',250,1,12,'properties/IMG_20240716_092858_208_yxzBRWE.webp',NULL);
INSERT INTO properties_property VALUES(15,'Une villa à louer à Yirimadjo','Une villa à louer à Yirimadjo près stade du 26 mars',534.100000000000022,1,9,'properties/images.jpeg',NULL);
CREATE TABLE IF NOT EXISTS "django_session" ("session_key" varchar(40) NOT NULL PRIMARY KEY, "session_data" text NOT NULL, "expire_date" datetime NOT NULL);
INSERT INTO django_session VALUES('i96bun5xjcrh0m0rt3w7clcej7yu3hwj','.eJxVjDsOwyAQRO9CHSED5pcyvc-AFnYJTiKQjF1FuXtsyUWi6ea9mTcLsK0lbJ2WMCO7MsEuv12E9KR6AHxAvTeeWl2XOfJD4SftfGpIr9vp_h0U6GVfgx4wa7TeWUmQR2FQSCmkBeO9MRCVGZQ1CgDdHtKU0SvvshYjpGTZ5wvZrDfn:1seF47:nUuCgYSct6_Gy1egxG5qsqQPt_YznFuC4-sBcktDEXw','2024-08-28 14:33:31.001339');
INSERT INTO django_session VALUES('jzvrypb9znxdl1o1o2vxl54tlrj91csb','.eJxVjMEOwiAQRP-FsyHLFqR49O43EGBZqRpISnsy_rtt0oMmc5r3Zt7Ch3Upfu159hOJi0AlTr9lDOmZ607oEeq9ydTqMk9R7oo8aJe3Rvl1Pdy_gxJ62dYKB9DOYR61i2jRAhswiYEINTsY2SnrwpkVEVs76GjQqC0WMg4xic8X07o25w:1seNPB:XQTJv2GCeibI57L1XlofSW03yL8TqQplFoZKMGkDgxk','2024-08-28 23:27:49.031077');
INSERT INTO django_session VALUES('ugvvyjgwshb0uzntp80fmfbw92nsq5vi','.eJxVjMsOwiAQRf-FtSEIDA-X7vsNZGBAqgaS0q6M_65NutDtPefcFwu4rTVsIy9hJnZhUrPT7xgxPXLbCd2x3TpPva3LHPmu8IMOPnXKz-vh_h1UHPVbF4wanPCQtDYAXhBQiiq5Yo23OQknfTQRtSCpssuOtEVyqnhvz6AUe38ABbc3yA:1sfUbx:3T3S0agZFPaVi9uqZ8ddK_6SHkslzHRN68GkfRc87Gc','2024-09-01 01:21:37.392194');
INSERT INTO django_session VALUES('eo14s6apkyq4jcq1gxloigvelysvvp58','.eJxVjDsOwyAQRO9CHSED5pcyvc-AFnYJTiKQjF1FuXtsyUWi6ea9mTcLsK0lbJ2WMCO7MsEuv12E9KR6AHxAvTeeWl2XOfJD4SftfGpIr9vp_h0U6GVfgx4wa7TeWUmQR2FQSCmkBeO9MRCVGZQ1CgDdHtKU0SvvshYjpGTZ5wvZrDfn:1sfWBd:ZFwDvUEVH5dV7A8SQ8fYarrhVe0Pk7mrfxYVs2GHT5A','2024-09-01 03:02:33.428517');
INSERT INTO django_session VALUES('u8vguxbkoup1q5dg87z5kjxstoch5xyj','.eJxVjDsOwyAQRO9CHSED5pcyvc-AFnYJTiKQjF1FuXtsyUWi6ea9mTcLsK0lbJ2WMCO7MsEuv12E9KR6AHxAvTeeWl2XOfJD4SftfGpIr9vp_h0U6GVfgx4wa7TeWUmQR2FQSCmkBeO9MRCVGZQ1CgDdHtKU0SvvshYjpGTZ5wvZrDfn:1sfngM:jI2wl8EsU9OWHjuyCvnAd0xtkOKcjDlLVgIsdaW-97U','2024-09-01 21:43:26.949138');
CREATE TABLE IF NOT EXISTS "django_site" ("id" integer NOT NULL PRIMARY KEY AUTOINCREMENT, "name" varchar(50) NOT NULL, "domain" varchar(100) NOT NULL UNIQUE);
INSERT INTO django_site VALUES(1,'example.com','example.com');
CREATE TABLE IF NOT EXISTS "socialaccount_socialapp_sites" ("id" integer NOT NULL PRIMARY KEY AUTOINCREMENT, "socialapp_id" integer NOT NULL REFERENCES "socialaccount_socialapp" ("id") DEFERRABLE INITIALLY DEFERRED, "site_id" integer NOT NULL REFERENCES "django_site" ("id") DEFERRABLE INITIALLY DEFERRED);
CREATE TABLE IF NOT EXISTS "socialaccount_socialapp" ("id" integer NOT NULL PRIMARY KEY AUTOINCREMENT, "provider" varchar(30) NOT NULL, "name" varchar(40) NOT NULL, "client_id" varchar(191) NOT NULL, "secret" varchar(191) NOT NULL, "key" varchar(191) NOT NULL, "provider_id" varchar(200) NOT NULL, "settings" text NOT NULL CHECK ((JSON_VALID("settings") OR "settings" IS NULL)));
CREATE TABLE IF NOT EXISTS "socialaccount_socialtoken" ("id" integer NOT NULL PRIMARY KEY AUTOINCREMENT, "token" text NOT NULL, "token_secret" text NOT NULL, "expires_at" datetime NULL, "account_id" integer NOT NULL REFERENCES "socialaccount_socialaccount" ("id") DEFERRABLE INITIALLY DEFERRED, "app_id" integer NULL REFERENCES "socialaccount_socialapp" ("id") DEFERRABLE INITIALLY DEFERRED);
CREATE TABLE IF NOT EXISTS "socialaccount_socialaccount" ("id" integer NOT NULL PRIMARY KEY AUTOINCREMENT, "provider" varchar(200) NOT NULL, "uid" varchar(191) NOT NULL, "last_login" datetime NOT NULL, "date_joined" datetime NOT NULL, "user_id" integer NOT NULL REFERENCES "auth_user" ("id") DEFERRABLE INITIALLY DEFERRED, "extra_data" text NOT NULL CHECK ((JSON_VALID("extra_data") OR "extra_data" IS NULL)));
DELETE FROM sqlite_sequence;
INSERT INTO sqlite_sequence VALUES('django_migrations',44);
INSERT INTO sqlite_sequence VALUES('account_emailaddress',18);
INSERT INTO sqlite_sequence VALUES('django_admin_log',26);
INSERT INTO sqlite_sequence VALUES('django_content_type',18);
INSERT INTO sqlite_sequence VALUES('auth_permission',72);
INSERT INTO sqlite_sequence VALUES('auth_group',1);
INSERT INTO sqlite_sequence VALUES('auth_user',24);
INSERT INTO sqlite_sequence VALUES('properties_property',15);
INSERT INTO sqlite_sequence VALUES('django_site',1);
INSERT INTO sqlite_sequence VALUES('socialaccount_socialapp',0);
INSERT INTO sqlite_sequence VALUES('socialaccount_socialtoken',0);
INSERT INTO sqlite_sequence VALUES('socialaccount_socialaccount',0);
INSERT INTO sqlite_sequence VALUES('properties_city',13);
INSERT INTO sqlite_sequence VALUES('properties_zone',13);
INSERT INTO sqlite_sequence VALUES('properties_reservation',17);
INSERT INTO sqlite_sequence VALUES('auth_group_permissions',72);
INSERT INTO sqlite_sequence VALUES('auth_user_groups',1);
CREATE UNIQUE INDEX "auth_group_permissions_group_id_permission_id_0cd325b0_uniq" ON "auth_group_permissions" ("group_id", "permission_id");
CREATE INDEX "auth_group_permissions_group_id_b120cbf9" ON "auth_group_permissions" ("group_id");
CREATE INDEX "auth_group_permissions_permission_id_84c5c92e" ON "auth_group_permissions" ("permission_id");
CREATE UNIQUE INDEX "auth_user_groups_user_id_group_id_94350c0c_uniq" ON "auth_user_groups" ("user_id", "group_id");
CREATE INDEX "auth_user_groups_user_id_6a12ed8b" ON "auth_user_groups" ("user_id");
CREATE INDEX "auth_user_groups_group_id_97559544" ON "auth_user_groups" ("group_id");
CREATE UNIQUE INDEX "auth_user_user_permissions_user_id_permission_id_14a6b632_uniq" ON "auth_user_user_permissions" ("user_id", "permission_id");
CREATE INDEX "auth_user_user_permissions_user_id_a95ead1b" ON "auth_user_user_permissions" ("user_id");
CREATE INDEX "auth_user_user_permissions_permission_id_1fbb5f2c" ON "auth_user_user_permissions" ("permission_id");
CREATE INDEX "account_emailconfirmation_email_address_id_5b7f8c58" ON "account_emailconfirmation" ("email_address_id");
CREATE UNIQUE INDEX "account_emailaddress_user_id_email_987c8728_uniq" ON "account_emailaddress" ("user_id", "email");
CREATE UNIQUE INDEX "unique_verified_email" ON "account_emailaddress" ("email") WHERE "verified";
CREATE INDEX "account_emailaddress_user_id_2c513194" ON "account_emailaddress" ("user_id");
CREATE INDEX "account_emailaddress_email_03be32b2" ON "account_emailaddress" ("email");
CREATE UNIQUE INDEX "unique_primary_email" ON "account_emailaddress" ("user_id", "primary") WHERE "primary";
CREATE INDEX "django_admin_log_content_type_id_c4bce8eb" ON "django_admin_log" ("content_type_id");
CREATE INDEX "django_admin_log_user_id_c564eba6" ON "django_admin_log" ("user_id");
CREATE UNIQUE INDEX "django_content_type_app_label_model_76bd3d3b_uniq" ON "django_content_type" ("app_label", "model");
CREATE UNIQUE INDEX "auth_permission_content_type_id_codename_01ab375a_uniq" ON "auth_permission" ("content_type_id", "codename");
CREATE INDEX "auth_permission_content_type_id_2f476e4b" ON "auth_permission" ("content_type_id");
CREATE INDEX "properties_reservation_property_id_0ddadcb1" ON "properties_reservation" ("property_id");
CREATE INDEX "properties_reservation_user_id_023d03e4" ON "properties_reservation" ("user_id");
CREATE INDEX "properties_zone_city_id_8b9a229e" ON "properties_zone" ("city_id");
CREATE INDEX "properties_property_zone_id_9e74d142" ON "properties_property" ("zone_id");
CREATE INDEX "django_session_expire_date_a5c62663" ON "django_session" ("expire_date");
CREATE UNIQUE INDEX "socialaccount_socialapp_sites_socialapp_id_site_id_71a9a768_uniq" ON "socialaccount_socialapp_sites" ("socialapp_id", "site_id");
CREATE INDEX "socialaccount_socialapp_sites_socialapp_id_97fb6e7d" ON "socialaccount_socialapp_sites" ("socialapp_id");
CREATE INDEX "socialaccount_socialapp_sites_site_id_2579dee5" ON "socialaccount_socialapp_sites" ("site_id");
CREATE UNIQUE INDEX "socialaccount_socialtoken_app_id_account_id_fca4e0ac_uniq" ON "socialaccount_socialtoken" ("app_id", "account_id");
CREATE INDEX "socialaccount_socialtoken_account_id_951f210e" ON "socialaccount_socialtoken" ("account_id");
CREATE INDEX "socialaccount_socialtoken_app_id_636a42d7" ON "socialaccount_socialtoken" ("app_id");
CREATE UNIQUE INDEX "socialaccount_socialaccount_provider_uid_fc810c6e_uniq" ON "socialaccount_socialaccount" ("provider", "uid");
CREATE INDEX "socialaccount_socialaccount_user_id_8146e70c" ON "socialaccount_socialaccount" ("user_id");
CREATE INDEX "properties_property_user_id_d65e9a67" ON "properties_property" ("user_id");
COMMIT;
